player_key,player,teams,PA,woba_denom,obp_numerator,woba_raw_numerator,H,1B,2B,3B,HR,BB,IBB,HBP,SO,ROE,SF,SH,reach_opportunities,wOBA,OBP,batting_runs,baserunning_runs,sb_cs_runs,non_steal_advancement_runs,runner_advancement_runs,batter_advancement_runs,sb_cs_attempts,advancement_opportunities,double_play_avoidance_runs,double_play_opportunities,actual_double_plays,expected_double_plays,range_runs,fielding_opportunities,arm_runs,arm_runs_unshrunk,arm_opportunities,catcher_stolen_bases_allowed,catcher_caught_stealing,catcher_steal_attempts,catcher_cs_rate,catcher_throwing_runs,throwing_runs,positional_adjustment_runs,league_adjustment_runs,position_replacement_runs,hitting_runs,wRAA,batting_war,baserunning_component_runs,baserunning_war,defense_runs,defense_war,defensive_war,offensive_war,position_war
victoriahayward,Victoria Hayward,Talons,33,32,6,5.392417971456939,5,4,1,0,0,1,0,0,3,0,0,1,8,0.1780629518895432,0.1875,-5.905758787871519,0.5887750321914373,0.06888886069312498,0.5198861714983124,-0.4035913328394338,0.9234775043377462,0,28,0.11399706723857217,1,0,0.09641873278236913,-0.6274662069118293,32,-1.1856986365990694,-2.2396529802426866,45,0,0,0,0.0,0.0,-1.1856986365990694,0.0,0.0248030501608997,1.3099426879800875,-5.905758787871519,-5.905758787871519,-0.5537675880669732,0.7027720994300095,0.0658971055948562,-1.8131648435108987,-0.17001573518730465,-0.17001573518730465,-0.3627148581667434,-0.532730593354048
sydneyromero,Sydney Romero,Talons,66,66,24,23.436746648874013,17,9,6,0,2,4,0,3,8,0,1,0,25,0.3752264023930676,0.36363636363636365,0.13425708275906909,-2.0522454881538943,0.21527768966601557,-2.26752317781991,-1.2432131417196044,-1.0243100361003057,0,50,0.0,0,0,0.0,-0.7667188340752851,35,-0.0271484817839404,-0.07058605263824504,25,0,0,0,0.0,0.0,-0.0271484817839404,0.0,0.0496061003217994,2.619885375960175,0.13425708275906909,0.13425708275906909,0.01258893625203291,-2.0522454881538943,-0.19243370325761336,-0.7938673158592254,-0.0744388662895267,-0.0744388662895267,0.07046648160516673,-0.003972384684359939
sharlizepalacios,Sharlize Palacios,Talons,83,83,29,26.92300492683475,19,13,3,1,2,8,0,2,17,0,1,0,34,0.34275629361090426,0.3493975903614458,-2.3816410426734342,-1.4852182895734645,0.2927776579457812,-1.7779959475192457,-0.6286162097575425,-1.1493797377617032,0,61,-0.22247088923602376,6,1,0.8441541346767827,0.6510253815389314,17,-0.06310820222724331,-0.16019774411530996,26,14,16,30,0.5333333333333333,3.121624883342076,3.058516681114833,0.0,0.06238342919256591,3.2947043364347652,-2.3816410426734342,-2.3816410426734342,-0.22332026471367483,-1.7076891788094883,-0.16012555738976003,3.7095420626537643,0.34783407766119046,0.34783407766119046,-0.06866046400204079,0.2791736136591497
morganzerkle,Morgan Zerkle,Bandits,105,104,45,49.79151235351495,42,24,9,0,9,3,0,0,10,2,0,1,49,0.5058968531594389,0.4326923076923077,13.072437885697468,3.0196948195729427,-0.12696986507636188,3.1466646846493047,2.7997396047988885,0.3469250798504163,1,76,1.021811591831459,7,0,0.8562675191278295,0.04445890713901438,81,1.4398504223836657,2.0397880983768597,92,0,0,0,0.0,0.0,1.4398504223836657,0.0,0.07891879596649905,4.167999461754824,13.072437885697468,13.072437885697468,1.2257683827156503,4.041506411404402,0.3789615082479921,1.4843093295226801,0.13917981192241047,0.13917981192241047,2.0029523319352855,2.142132143857696
skylarwallace,Skylar Wallace,Bandits,93,93,42,42.46496057986715,32,20,6,0,6,5,0,5,7,1,0,0,48,0.48248939973800375,0.45161290322580644,9.629634373068825,1.7807108488455068,0.4133331641587499,1.367377684686757,1.0535806050369478,0.3137970796498091,0,77,-0.05715777369786279,9,1,0.9902755313176599,-0.33306761364862547,61,0.4228152351561463,1.0993196114059802,25,0,0,0,0.0,0.0,0.4228152351561463,0.0,0.06989950499889916,3.691656666125701,9.629634373068825,9.629634373068825,0.9029456827279337,1.723553075147644,0.1616130735461202,0.0897476215075208,0.008415400235958406,0.008415400235958406,1.4172700611346523,1.4256854613706105
bubbanicklescamarena,Bubba Nickles-Camarena,Bandits,93,93,26,29.15699500677412,20,10,3,0,7,5,0,1,9,2,1,0,31,0.3312835059042089,0.27956989247311825,-3.6783312000242065,-0.6063990451217598,0.2669443351858593,-0.873343380307619,-0.7863225501200299,-0.08702083018758908,0,40,0.4150713504237538,2,0,0.3443970663482859,-0.02330588913415911,71,-0.7213082469160509,-1.0529442225096375,87,0,0,0,0.0,0.0,-0.7213082469160509,0.0,0.06989950499889916,3.691656666125701,-3.6783312000242065,-3.6783312000242065,-0.3449075165298157,-0.19132769469800598,-0.017940298584648864,-0.74461413605021,-0.06982052416497517,-0.06982052416497517,-0.010136510253866294,-0.07995703441884147
erincoffel,Erin Coffel,Bandits,91,90,52,49.17922807366208,28,14,5,4,5,10,0,14,8,0,0,1,54,0.5774032152418629,0.5777777777777777,17.403105938050803,0.8858735237822466,-0.31310865392672227,1.1989821777089689,0.6686254652500697,0.5303567124588991,1,80,0.22555717658186525,2,0,0.19086317722681356,2.032816614416359,52,-0.9927091620967945,-2.719159878786872,23,0,0,0,0.0,0.0,-0.9927091620967945,0.0,0.0683962898376325,3.612266200187514,17.403105938050803,17.403105938050803,1.631843823350896,1.111430700364112,0.10421595604415852,1.0401074523195646,0.09752816122195138,0.09752816122195138,2.0811858949038124,2.1787140561257634
aliaguilar,Ali Aguilar,Talons,83,82,30,28.155793919199944,13,6,3,0,4,10,0,7,16,0,0,1,32,0.3628222607360324,0.36585365853658536,-0.7957840265792278,-1.5566679354281674,0.27555544277249994,-1.8322233782006676,-1.7830546482757543,-0.04916872992491328,0,46,-1.967635406968793,4,2,0.4221892393320965,-0.9016027775051962,47,0.0744723758417297,0.3070853017644667,19,0,0,0,0.0,0.0,0.0744723758417297,0.0,0.06238342919256591,3.2947043364347652,-0.7957840265792278,-0.7957840265792278,-0.07461859125130767,-3.5243033423969603,-0.33046472631824586,-0.8271304016634665,-0.0775578590318832,-0.0775578590318832,-0.09029795946815942,-0.1678558185000426
hannahflippen,Hannah Flippen,Talons,89,88,32,29.52553889681663,21,14,4,0,3,9,1,2,12,2,1,0,37,0.3545317713551345,0.36363636363636365,-1.5444471913366238,3.2564312116775436,0.31861098070570304,2.9378202309718406,1.5016748223493375,1.4361454086225032,0,61,0.6821212257908654,5,0,0.5729399520340287,-0.9044475296630862,72,-0.9538919627711814,-2.0137719214058274,36,0,0,0,0.0,0.0,-0.9538919627711814,0.0,0.06689307467636586,3.532875734249327,-1.5444471913366238,-1.5444471913366238,-0.1448187822705738,3.938552437468409,0.3693077828121463,-1.8583394924342675,-0.17425164411528887,-0.17425164411528887,0.5620299266984893,0.3877782825832003
carolinejacobsen,Caroline Jacobsen,Talons,90,88,38,36.717278344254474,29,19,6,1,3,7,0,2,9,0,0,2,41,0.4408875237204075,0.4318181818181818,5.647292256101219,-0.5851082623230617,-0.5674712584667929,-0.01763700385626879,-0.6106736470421471,0.5930366431858783,1,67,-0.49886096166423255,6,1,0.6202382033550864,1.0501697056753296,41,0.988178520141329,2.1859706657671825,33,0,0,0,0.0,0.0,0.988178520141329,0.0,0.06764468225699918,3.5725709672184203,5.647292256101219,5.647292256101219,0.5295318559560687,-1.0839692239872942,-0.10164096507615976,2.0383482258166588,0.19113059323879075,0.19113059323879075,0.7692244117127459,0.9603550049515367
briellis,Bri Ellis,Talons,65,65,24,19.501641028302306,8,7,0,0,1,11,0,5,12,0,1,0,27,0.31702813146519504,0.36923076923076925,-3.447780514083626,-1.22435563781553,0.23249990483929683,-1.4568555426548269,-0.392027429868802,-1.0648281127860248,0,21,-1.9314062785214499,3,2,0.4474754513778904,0.23651521948231743,6,0.057314774001119784,0.5158329660100781,5,0,0,0,0.0,0.0,0.057314774001119784,0.0,0.04885449274116608,2.580190142991081,-3.447780514083626,-3.447780514083626,-0.3232893804246472,-3.1557619163369797,-0.2959075586548587,0.2938299934834372,0.027551671620455853,0.027551671620455853,-0.3726782851446791,-0.34512661352422325
devynnetz,Devyn Netz,Bandits|Blaze,71,70,23,21.695558800493988,16,11,2,0,3,5,1,2,6,0,0,0,26,0.3275011279791198,0.32857142857142857,-3.019202860537013,-1.0382559187696099,0.2238887972526562,-1.262144716022266,0.3219630070726389,-1.584107723094905,0,41,0.38616872604798036,3,0,0.3250463821892393,-0.43892387350008666,19,0.47277420715381097,1.2949902195952214,20,0,0,0,0.0,0.0,0.47277420715381097,0.0,0.05336413822496602,2.818361540805643,-3.019202860537013,-3.019202860537013,-0.2831027723987127,-0.6520871927216295,-0.06114451417562303,0.03385033365372431,0.003174057440541205,0.003174057440541205,-0.0749730645839865,-0.0717990071434453
corimcmillan,Cori McMillan,Bandits,36,36,7,6.273011243096521,6,5,1,0,0,1,0,0,9,1,0,0,8,0.1841253412714746,0.19444444444444445,-6.437437611147994,1.190336552481722,0.06888886069312498,1.121447691788597,1.2651563658767757,-0.14370867408817867,0,17,0.3259825112431335,2,0,0.27222222222222225,0.37055473948339224,17,0.22410733532298785,0.5934127197106185,19,0,0,0,0.0,0.0,0.22410733532298785,0.0,0.027057872902799672,1.429028386887368,-6.437437611147994,-6.437437611147994,-0.6036217236941774,1.5163190637248554,0.14218128115617035,0.5946620748063801,0.05575991074283531,0.05575991074283531,-0.3249070342048722,-0.2691471234620369
delaniewisz,Delanie Wisz,Bandits,90,89,36,33.07297584218002,20,13,3,1,3,15,0,1,12,2,0,1,40,0.39266597130455777,0.4044943820224719,1.6499217302977465,3.8859754791141263,0.34444430346562493,3.5415311756485015,2.7557250466708876,0.7858061289776141,0,60,-0.4309816270997901,5,1,0.6711656597370883,-0.6080908599736955,44,0.2116989450796702,0.46830372699442196,33,0,0,0,0.0,0.0,0.2116989450796702,0.0,0.06764468225699918,3.5725709672184203,1.6499217302977465,1.6499217302977465,0.1547088545103897,3.4549938520143364,0.32396575629628027,-0.3963919148940253,-0.037168635314214396,-0.037168635314214396,0.820008131639507,0.7828394963252926
jordanroberts,Jordan Roberts,Bandits,40,39,14,13.056114236595105,7,5,0,0,2,6,0,1,12,0,0,1,16,0.35374420496347053,0.358974358974359,-0.7135386888364521,0.5969593603782174,0.13777772138624997,0.4591816389919674,0.3396555967057182,0.11952604228624922,0,24,0.4700390469933816,4,0,0.39705809342172976,-0.13342322297569414,10,0.013642880540025715,0.15007168594028286,4,18,8,26,0.3076923076923077,0.5006666167257786,0.5143094972658043,0.0,0.030064303225332968,1.5878093187637423,-0.7135386888364521,-0.7135386888364521,-0.06690666058371852,1.066998407371599,0.1000496558943319,0.3808862742901102,0.035714711863040385,0.035714711863040385,0.18484678234742985,0.22056149421047025
allyshipmanshrout,Ally Shipman-Shrout,Blaze|Talons,19,19,5,6.235380127118177,5,3,0,0,2,0,0,0,3,0,1,0,6,0.3467762398678731,0.2631578947368421,-0.47291232373309505,-0.5615579939200563,0.051666645519843735,-0.6132246394399,-0.4364553596776274,-0.1767692797622726,0,5,0.11399706723857217,1,0,0.09641873278236913,0.0,0,0.0,0.0,0,0,0,0,0.0,0.0,0.0,0.0,0.01428054403203316,0.7542094264127777,-0.47291232373309505,-0.47291232373309505,-0.04434375434002589,-0.4475609266814842,-0.041966620003244345,0.0,0.0,0.0,-0.014251075500782397,-0.014251075500782397
sierrasaccoferrie,Sierra Sacco-Ferrie,Talons,82,81,32,30.001876244015378,21,15,3,0,3,11,0,0,8,1,0,1,34,0.3913842961105399,0.3950617283950617,1.4033663219652213,2.208922932523204,0.2927776579457812,1.9161452745774223,2.4756790726444886,-0.5595337980670662,0,59,0.5151788171914332,4,0,0.4336278355790551,-0.24725747599417713,58,-0.7962615424498878,-1.232569236942977,73,0,0,0,0.0,0.0,-0.7962615424498878,0.0,0.06163182161193259,3.255009103465672,1.4033663219652213,1.4033663219652213,0.1315899973573399,2.724101749714637,0.2554319114228806,-1.0435190184440648,-0.09784805487358092,-0.09784805487358092,0.6980146722056942,0.6001666173321133
sydneymckinney,Sydney McKinney,Bandits,85,83,39,37.57487128801871,37,31,3,0,3,2,0,0,12,1,0,2,45,0.4783650135112248,0.46987951807228917,8.270225318510525,-4.080841206057905,-0.7057552458276879,-3.3750859602302175,-0.5620022415897914,-2.813083718640426,2,93,0.8613295564836586,6,0,0.7221892393320966,0.2662358313343411,35,0.27335869396099377,0.8808224583187577,18,0,0,0,0.0,0.0,0.27335869396099377,0.0,0.06388664435383257,3.3740948023729525,8.270225318510525,8.270225318510525,0.7754774436110314,-3.2195116495742466,-0.30188520475974434,0.5395945252953349,0.05059637034627932,0.05059637034627932,0.7959627863045221,0.8465591566508014
belladayton,Bella Dayton,Bandits,84,84,33,29.290793640530957,26,21,5,0,0,7,0,0,15,0,0,0,36,0.3684612768328073,0.39285714285714285,-0.36692035270624324,2.4414975567236894,-0.6412056813340598,3.082703238057749,2.3978811172348053,0.6848221208229436,4,76,0.7503976319036847,6,0,0.6323183369968292,-0.00846993890243887,52,1.1110661078758703,1.7036346987430013,75,0,0,0,0.0,0.0,1.1110661078758703,0.0,0.06313503677319923,3.334399569403859,-0.36692035270624324,-0.36692035270624324,-0.034405163845855305,3.191895188627374,0.2992956812931066,1.1025961689734314,0.10338756509294557,0.10338756509294557,0.5834684702245658,0.6868560353175115
jadelynallchin,Jadelyn Allchin,Talons,61,61,29,26.950484832319248,19,15,1,0,3,6,0,4,3,0,0,0,32,0.4668493377545903,0.47540983606557374,5.4133353848493755,-0.45815109988723374,0.27555544277249994,-0.7337065426597337,-0.9661084866696351,0.2324019440099014,0,56,0.6997170742653308,5,0,0.5871951340814185,0.9715246350826116,52,0.16233446023671155,0.25782531919948304,68,0,0,0,0.0,0.0,0.16233446023671155,0.0,0.045848062418632776,2.421409211114707,5.4133353848493755,5.4133353848493755,0.5075943307440844,0.24156597437809707,0.022651010953093687,1.133859095319323,0.1063190081031196,0.1063190081031196,0.7615936169283232,0.8679126250314428
amandalorenz,Amanda Lorenz,Volts,92,90,38,35.730917798569116,24,14,5,0,5,14,2,0,7,2,0,0,43,0.41950936662801164,0.4222222222222222,3.9547956629578276,-5.895216599831947,-0.7229774610009692,-5.172239138830978,-4.805985540943149,-0.36625359788782974,2,66,1.3476947881721828,9,0,1.1284092819157754,-2.574697268161972,82,-1.0645354072761994,-1.434808592415747,115,0,0,0,0.0,0.0,-1.0645354072761994,0.0,0.06914789741826582,3.6519614331566075,3.9547956629578276,3.9547956629578276,0.3708308676730072,-4.547521811659765,-0.4264092516776129,-3.639232675438172,-0.3412413499228336,-0.3412413499228336,0.29334032618007216,-0.04790102374276143
alinewland,Ali Newland,Blaze|Volts,21,21,9,9.306980921059854,7,3,3,0,1,0,0,2,2,1,0,0,10,0.4683057913305661,0.42857142857142855,1.8925524227505532,0.009092697789675336,-0.22903554775479365,0.23812824554446899,0.24657574031361712,-0.00844749476914812,1,25,0.26532013358157996,2,0,0.22307692307692306,0.11768731483183169,6,0.044997358081779244,0.40497622273601325,5,0,0,0,0.0,0.0,0.044997358081779244,0.0,0.015783759193299808,0.8335998923509648,1.8925524227505532,1.8925524227505532,0.17745970129853547,0.2744128313712553,0.025730975006152762,0.16268467291361094,0.015254517187503307,0.015254517187503307,0.28283516449901686,0.29808968168652017
jessiwarren,Jessi Warren,Volts,66,66,24,23.935860725971402,19,13,2,1,3,1,0,4,8,0,0,0,29,0.3832173058379358,0.36363636363636365,0.6333711598564605,0.1794793518482079,0.24972212001257807,-0.07024276816437015,-0.14434628532065263,0.07410351715628248,0,40,-0.3172935850047316,7,1,0.7713986590609967,-0.6226042254686561,49,-0.786925098813246,-1.8023123230884024,31,0,0,0,0.0,0.0,-0.786925098813246,0.0,0.0496061003217994,2.619885375960175,0.6333711598564605,0.6333711598564605,0.05938956062093133,-0.1378142331565237,-0.012922480960976207,-1.4095293242819023,-0.13216788599972207,-0.13216788599972207,0.29677832827070233,0.16461044227098026
aubreyleach,Aubrey Leach,Blaze,94,93,43,37.37521494514819,28,21,7,0,0,15,0,0,9,2,1,1,46,0.4246594080794465,0.46236559139784944,4.539888738349859,-0.037453506332667294,-0.15280318783628372,0.11534968150361642,-0.6088295130081581,0.7241791945117746,1,90,0.31120457017887854,3,0,0.2643145743145743,1.2451646886493426,56,0.47326399417152115,1.4197919825145635,20,0,0,0,0.0,0.0,0.47326399417152115,0.0,0.07065111257953248,3.7313518990947947,4.539888738349859,4.539888738349859,0.4256935183149423,0.27375106384621123,0.02566892279248002,1.7184286828208637,0.1611325726518172,0.1611325726518172,0.8078663406439409,0.9689989132957582
aliyahandrews,Aliyah Andrews,Blaze,54,52,18,15.959537231131915,17,16,1,0,0,1,0,0,9,0,1,2,21,0.3243074685414964,0.34615384615384615,-2.4000000027768285,1.3797696515461624,0.18083325931945307,1.1989363922267093,1.623582854886524,-0.4246464626598147,0,46,0.10270771810509327,1,0,0.08727272727272727,0.2963268417731682,63,1.3811843784901867,1.9566778695277642,96,0,0,0,0.0,0.0,1.3811843784901867,0.0,0.04058680935419951,2.143542580331052,-2.4000000027768285,-2.4000000027768285,-0.22504173648742104,1.4824773696512556,0.13900803382650895,1.6775112202633549,0.15729584897850601,0.15729584897850601,0.11876640983879014,0.2760622588172962
bayleeklingler,Baylee Klingler,Blaze,74,74,30,29.97610686812082,25,16,6,0,3,5,0,0,3,0,0,0,33,0.4280391651286462,0.40540540540540543,3.84907311217376,-1.0270615218561443,-0.695809442708921,-0.3312520791472233,-1.381890573120275,1.0506384939730518,1,54,-0.3387865206155276,6,1,0.7499216512203525,0.009739922301343483,26,0.14565612360242092,0.37870592136629433,25,0,0,0,0.0,0.0,0.14565612360242092,0.0,0.05561896096686599,2.9374472397129234,3.84907311217376,3.84907311217376,0.3609175400118411,-1.365848042471672,-0.12807200620838993,0.1553960459037644,0.014571081655416974,0.014571081655416974,0.5134975398215617,0.5280686214769786
daniellegibsonwhorton,Danielle Gibson Whorton,Bandits|Blaze,94,94,37,34.67023895966899,26,19,4,0,3,11,0,0,12,3,2,0,44,0.3897346157687077,0.39361702127659576,1.481844729141648,-0.9136999203327423,0.3788887338121874,-1.2925886541449296,-0.729979347784448,-0.5626093063604817,0,73,-0.1506661381172367,8,1,0.910455610978259,0.8365636080576023,28,0.6031347557550313,1.7519628619550909,21,0,0,0,0.0,0.0,0.6031347557550313,0.0,0.07065111257953248,3.7313518990947947,1.481844729141648,1.481844729141648,0.13894871277705492,-1.064366058449979,-0.09980282740613326,1.4396983638126337,0.13499675809817963,0.13499675809817963,0.3956497849074404,0.53064654300562
korbeotis,Korbe Otis,Blaze,90,90,38,35.14773961290873,27,19,6,0,2,9,0,2,13,1,1,0,43,0.41266239133684074,0.4222222222222222,3.3716174772974425,-2.2960417637931463,0.3702776262255468,-2.666319390018693,-2.2676741318944957,-0.3986452581241975,0,69,-1.1886075592624503,6,2,1.0614437053461443,-2.026822621262095,96,1.345910657261128,1.8060510529059581,116,0,0,0,0.0,0.0,1.345910657261128,0.0,0.06764468225699918,3.5725709672184203,3.3716174772974425,3.3716174772974425,0.3161477712435276,-3.4846493230555966,-0.3267464724178453,-0.6809119640009669,-0.06384733774856033,-0.06384733774856033,0.33073481965851936,0.266887481909959
rachelgarcia,Rachel Garcia,Volts,48,47,13,12.112022051504846,8,5,2,0,1,5,0,0,6,0,1,1,15,0.272306993090908,0.2765957446808511,-4.482175063758824,-1.0157423174075888,0.12916661379960934,-1.144908931207198,-0.3080536897977474,-0.8368552414094507,0,30,-0.6033158343644192,4,1,0.5274854065794833,0.05723165062147358,2,0.0,0.0,0,0,0,0,0.0,0.0,0.0,0.0,0.03607716387039957,1.905371182516491,-4.482175063758824,-4.482175063758824,-0.42028185767577175,-1.619058151772008,-0.1518148573030514,0.05723165062147358,0.005366462509581691,0.005366462509581691,-0.3900521705346433,-0.3846857080250617
michaelaedenfield,Michaela Edenfield,Volts,33,33,9,7.381528049754009,4,3,1,0,0,2,0,3,13,1,0,0,10,0.23635910357086887,0.2727272727272727,-4.269716733303463,-1.1093809880280197,0.08611107586640623,-1.195492063894426,-0.41718014572714246,-0.7783119181672835,0,11,-2.0319389175276084,3,2,0.3660294743443302,-0.032127139141136365,5,-0.00409005102381723,-0.03135705784926543,6,14,2,16,0.125,-0.5565979929314936,-0.5606880439553108,0.0,0.0248030501608997,1.3099426879800875,-4.269716733303463,-4.269716733303463,-0.40036019452511606,-3.141319905555628,-0.29455336899617324,-0.5928151830964472,-0.05558673252740754,-0.05558673252740754,-0.5697579392159157,-0.6253446717433233
sierraromero,Sierra Romero,Volts,82,82,28,25.80403416679318,21,15,5,0,1,7,0,0,11,0,2,0,29,0.33251692491332724,0.34146341463414637,-3.1475437789859932,-0.8111683048655891,0.24972212001257807,-1.0608904248781672,0.9149542902724321,-1.9758447151505993,0,40,0.32519599448623404,2,0,0.27158502989988575,-0.7265761865440964,66,-0.07028980861453359,-0.14838959596401535,36,0,0,0,0.0,0.0,-0.07028980861453359,0.0,0.06163182161193259,3.255009103465672,-3.1475437789859932,-3.1475437789859932,-0.29513696536401773,-0.48597231037935507,-0.045568355202516043,-0.79686599515863,-0.07472004462116258,-0.07472004462116258,-0.02971255714106001,-0.10443260176222256
mirandastoddard,Miranda Stoddard,Volts,3,3,0,0.0,0,0,0,0,0,0,0,0,2,1,0,0,1,0.0,0.0,-1.059204071187043,0.13816096266702343,0.008611107586640623,0.1295498550803828,0.2597328935674975,-0.13018303848711468,0,5,0.0,0,0,0.0,0.0,0,0.0,0.0,0,0,0,0,0.0,0.0,0.0,0.0,0.002254822741899973,0.11908569890728068,-1.059204071187043,-1.059204071187043,-0.09931880133278617,0.13816096266702343,0.012954992882244547,0.0,0.0,0.0,-0.07498602442278038,-0.07498602442278038
mckenzieclark,McKenzie Clark,Blaze|Volts,72,71,22,21.60251969810841,13,9,0,0,4,6,0,3,17,1,1,1,25,0.32150376323079216,0.30985915492957744,-3.4653099866516044,1.6264566364707453,0.21527768966601557,1.4111789468047298,1.8268401621303543,-0.4156612153256244,0,36,0.3259825112431335,2,0,0.27222222222222225,-1.8148371199022542,72,-0.5327862336228791,-0.7338376425371731,106,0,0,0,0.0,0.0,-0.5327862336228791,0.0,0.054115745805599344,2.858056773774736,-3.4653099866516044,-3.4653099866516044,-0.32493307331708143,1.952439147713879,0.18307512319965977,-2.347623353525133,-0.22013051478518916,-0.22013051478518916,0.13120886654884797,-0.08892164823634119
sisbates,Sis Bates,Volts,43,40,12,9.940967196329979,8,8,0,0,0,4,0,0,1,1,0,3,15,0.26260842137759977,0.3,-4.181753752830593,1.5234502626213224,0.12916661379960934,1.3942836488217132,1.1356105128382845,0.25867313598342867,0,25,-0.7844639595071256,3,1,0.37666460523603384,-0.2526350666251062,36,0.1161172134186182,0.5031745914806789,12,0,0,0,0.0,0.0,0.1161172134186182,0.0,0.032319125967232944,1.7068950176710231,-4.181753752830593,-4.181753752830593,-0.3921121354212326,0.7389863031141969,0.06929281695867678,-0.13651785320648802,-0.01280092279649039,-0.01280092279649039,-0.15973774739797808,-0.17253867019446847
tayloredwards,Taylor Edwards,Blaze,31,31,7,6.116473227260271,5,4,1,0,0,2,0,0,5,0,0,0,8,0.20848719431051532,0.22580645161290322,-4.828635508339172,-0.2650701520394566,0.06888886069312498,-0.3339590127325816,-0.031076990228644963,-0.30288202250393664,0,12,0.41541222079132933,3,0,0.34873784224433574,0.04950540237584179,3,0.012022018739099727,0.17231560192709608,3,12,6,18,0.3333333333333333,0.4292105654069584,0.44123258414605815,0.0,0.023299834999633052,1.2305522220419003,-4.828635508339172,-4.828635508339172,-0.45276854933508653,0.15034206875187273,0.014097183408286341,0.4907379865218999,0.046015220216438585,0.046015220216438585,-0.3211009309732674,-0.27508571075682886
anagold,Ana Gold,Blaze,82,82,35,35.76505507277451,28,18,3,2,5,5,0,2,20,2,0,0,37,0.46087701075280063,0.4268292682926829,6.813477126995337,2.911821730624344,0.0034643570845031557,2.908357373539841,0.5817236478895209,2.32663372565032,1,69,0.32940533866800503,3,0,0.27905982905982907,0.824031185986226,57,-1.3767445336366861,-3.343522438831952,28,0,0,0,0.0,0.0,-1.3767445336366861,0.0,0.06163182161193259,3.255009103465672,6.813477126995337,6.813477126995337,0.6388819676676206,3.241227069292349,0.30392140299151965,-0.5527133476504601,-0.05182648807963413,-0.05182648807963413,1.2537961340846142,1.20196964600498
aleshiaocasio,Aleshia Ocasio,Blaze,6,6,1,0.7240552558033316,0,0,0,0,0,1,0,0,3,1,0,0,2,0.12751476052676539,0.16666666666666666,-1.3943528865707542,-0.06816015460755553,0.017222215173281246,-0.08538236978083678,-0.0005082121631373032,-0.08487415761769948,0,3,0.0,0,0,0.0,-0.19146771944005272,2,0.0,0.0,0,0,0,0,0.0,0.0,0.0,0.0,0.004509645483799946,0.23817139781456137,-1.3943528865707542,-1.3943528865707542,-0.1307448310446144,-0.06816015460755553,-0.006391199805995051,-0.19146771944005272,-0.017953428339259257,-0.017953428339259257,-0.11438046279508697,-0.13233389113434624
anissaurtez,Anissa Urtez,Blaze,51,49,13,12.162223045602826,12,9,2,1,0,1,0,0,5,1,0,2,16,0.26227499256522485,0.2653061224489796,-5.138110117118874,-1.6592801776007335,0.13777772138624997,-1.7970578989869834,-0.9756998159601763,-0.8213580830268071,0,33,0.36083213985325646,3,0,0.3045200830915117,-1.6333743717605052,46,0.8197998364559499,1.8776060770442724,31,0,0,0,0.0,0.0,0.8197998364559499,0.0,0.038331986612299536,2.0244568814237716,-5.138110117118874,-5.138110117118874,-0.48178717570090723,-1.2984480377474772,-0.12175208367303834,-0.8135745353045553,-0.07628676082293688,-0.07628676082293688,-0.4101169309020045,-0.4864036917249414
kelseystewarthunter,Kelsey Stewart-Hunter,Volts,9,9,5,4.246428342361657,4,4,0,0,0,1,0,0,1,0,0,0,5,0.4985644293768225,0.5555555555555556,1.0688161288005285,1.5675781099114527,0.04305553793320312,1.5245225719782496,0.5089358878784258,1.0155866840998238,0,10,0.09856445373358479,1,0,0.0839160839160839,0.019705583701025597,2,0.0,0.0,0,0,0,0,0.0,0.0,0.0,0.0,0.006764468225699918,0.357257096721842,1.0688161288005285,1.0688161288005285,0.10022009888864165,1.6661425636450375,0.15622983971852467,0.019705583701025597,0.0018477411539359005,0.0018477411539359005,0.29058329069045,0.29243103184438596
tiarejennings,Tiare Jennings,Volts,70,70,22,24.464379222606695,18,9,3,1,5,4,0,0,17,0,0,0,25,0.3692973232166855,0.3142857142857143,-0.250382438424307,0.4670155897658248,0.21527768966601557,0.25173790009980923,-1.447466998083112,1.6992048981829213,0,33,-0.49213680487577804,6,1,0.6256857428286,1.8239451665645103,46,0.18424026302642504,0.457188800843351,27,0,0,0,0.0,0.0,0.18424026302642504,0.0,0.052612530644332696,2.778666307836549,-0.250382438424307,-0.250382438424307,-0.02347770777656969,-0.025121215109953243,-0.002355550776865399,2.0081854295909354,0.18830230655874935,0.18830230655874935,0.2396483687609937,0.42795067531974307
kaylakowalik,Kayla Kowalik,Blaze,76,75,28,25.24390233678004,17,11,4,1,1,10,0,1,8,2,0,1,37,0.3556601665892635,0.37333333333333335,-1.2361994428960335,4.088530512999775,-0.20871746536837477,4.29724797836815,2.3993591017921343,1.8978888765760156,2,53,1.271727350761542,9,0,1.0668646708938125,0.23612874061355713,7,-0.731273208223946,-2.5594562287838114,16,20,2,22,0.09090909090909091,-1.1496636443108608,-1.880936852534807,0.0,0.05712217612813264,3.0168377056511106,-1.2361994428960335,-1.2361994428960335,-0.11591519539676218,5.3602578637613165,0.502617390118966,-1.6448081119212496,-0.1542293638612858,-0.1542293638612858,0.6749393900921551,0.5207100262308694
torividales,Tori Vidales,Talons,85,84,27,25.372149656840545,20,12,6,0,2,6,1,1,3,1,2,0,32,0.31916699742872096,0.32142857142857145,-4.285564336396659,1.1299304929431147,0.27555544277249994,0.8543750501706147,-0.09494697686513931,0.949322027035754,0,50,-0.2963340137231125,7,1,0.7883789430574353,-0.4303584412198613,24,0.2710283075743402,0.9485990765101907,16,0,0,0,0.0,0.0,0.2710283075743402,0.0,0.06388664435383257,3.3740948023729525,-4.285564336396659,-4.285564336396659,-0.40184618290642016,0.8335964792200021,0.07816416624850883,-0.15933013364552107,-0.014939970795364663,-0.014939970795364663,-0.0013114692046763184,-0.01625144000004098
maryiakopo,Mary Iakopo,Bandits|Volts,34,34,6,5.07934193978444,3,2,1,0,0,3,0,0,9,1,0,0,7,0.15785870400503416,0.17647058823529413,-6.924970867002046,-0.707061815389692,0.06027775310648436,-0.7673395684961763,-1.0519836669755005,0.2846440984793242,0,11,-0.9082576950905435,2,1,0.2723091542603738,-0.09981276330706279,5,0.03006295501412892,0.3306925051554181,3,18,0,18,0.0,-1.3276455569277208,-1.2975826019135919,0.0,0.025554657741533024,1.3496379209491811,-6.924970867002046,-6.924970867002046,-0.6493364446799359,-1.6153195104802356,-0.15146429466662198,-1.3973953652206546,-0.1310301163270341,-0.1310301163270341,-0.6718525203652639,-0.802882636692298
kaleiharding,Kalei Harding,Blaze,25,25,4,4.125503939345961,2,1,0,0,1,2,0,0,9,0,0,0,4,0.17437209969648512,0.16,-4.701196653879396,-0.9618735264552256,0.03444443034656249,-0.9963179568017881,-1.1496980331179025,0.15338007631611442,0,19,0.0,0,0,0.0,0.211100574684125,18,0.6148023053862636,1.9091229483047134,19,0,0,0,0.0,0.0,0.6148023053862636,0.0,0.018790189515833108,0.992380824227339,-4.701196653879396,-4.701196653879396,-0.4408189405557475,-0.9618735264552256,-0.09019237017679772,0.8259028800703886,0.07744275753581552,0.07744275753581552,-0.436196443834535,-0.35875368629871945
daniecacoffey,Danieca Coffey,Volts,70,69,26,23.198978876930116,17,13,3,0,1,9,0,0,7,2,0,1,29,0.3552710163253718,0.37681159420289856,-1.162714760371872,-1.0995076883390766,-0.6143386404303741,-0.4851690479087025,-0.49581638072053885,0.010647332811836338,2,48,0.39242682689137454,4,0,0.3341809705446069,1.210324867558992,44,-0.5170311096205381,-0.9390973215556713,49,0,0,0,0.0,0.0,-0.5170311096205381,0.0,0.052612530644332696,2.778666307836549,-1.162714760371872,-1.162714760371872,-0.10902472850454113,-0.7070808614477021,-0.06630112696379399,0.6932937579384538,0.06500834625076765,0.06500834625076765,0.0901557718460937,0.15516411809686137
ciarabriggs,Ciara Briggs,Blaze|Volts,63,61,26,21.851998394752467,16,14,2,0,0,9,0,1,8,1,0,2,29,0.3785308888755399,0.4262295081967213,0.31484894728259566,-5.290414009534809,-2.4535860667857774,-2.8368279427490317,-1.1341079919497163,-1.7027199507993154,4,52,0.30523629650087225,3,0,0.25947940947940945,-1.0007799972010045,61,-0.03829090006667995,-0.055500293355075433,89,0,0,0,0.0,0.0,-0.03829090006667995,0.0,0.047351277579899424,2.5007996770528944,0.31484894728259566,0.31484894728259566,0.029522564060721963,-4.985177713033936,-0.46744710330896955,-1.0390708972676845,-0.09743096616004722,-0.09743096616004722,-0.19899107466526159,-0.2964220408253088
sarahwillis,Sarah Willis,Bandits,6,6,0,0.0,0,0,0,0,0,0,0,0,2,0,1,0,0,0.0,0.0,-2.118408142374086,0.0,0.0,0,0,0,0,0,0.0,0,0,0.0,0.0,1,3.0101018481621644e-05,0.0012341417577464873,1,0,0,0,0.0,0.0,3.0101018481621644e-05,0.0,0.004509645483799946,0.23817139781456137,-2.118408142374086,-2.118408142374086,-0.19863760266557234,0.0,0.0,3.0101018481621644e-05,2.8224939422110445e-06,2.8224939422110445e-06,-0.17588203461004986,-0.17587921211610763
kellytorres,Kelly Torres,Bandits,1,1,0,0.0,0,0,0,0,0,0,0,0,0,0,0,0,0,0.0,0.0,-0.3530680237290143,-0.0002541060815686507,0.0,-0.0002541060815686507,-0.0002541060815686507,0,0,1,0.0,0,0,0.0,0.0,0,0.0,0.0,0,0,0,0,0.0,0.0,0.0,0.0,0.0007516075806333242,0.03969523296909356,-0.3530680237290143,-0.3530680237290143,-0.03310626711092872,-0.0002541060815686507,-2.3826864075858453e-05,0.0,0.0,0.0,-0.02933749929908417,-0.02933749929908417
miascott,Mia Scott,Volts,50,50,19,16.917128409408026,11,8,2,0,1,7,0,1,11,1,0,0,22,0.3575169536804753,0.38,-0.7362727770426891,0.5000372382472636,0.1894443669060937,0.31059287134117,0.014091372319674333,0.29650149902149564,0,43,0.32519599448623404,2,0,0.27158502989988575,0.33665276094865865,9,0.01217374833204314,0.13391123165247454,4,0,0,0,0.0,0.0,0.01217374833204314,0.0,0.037580379031666215,1.984761648454678,-0.7362727770426891,-0.7362727770426891,-0.06903837670099784,0.8252332327334977,0.07737996645275146,0.3488265092807018,0.03270855137106191,0.03270855137106191,0.1979713235477742,0.23067987491883613
dejahmulipola,Dejah Mulipola,Volts,48,48,12,12.617249711834148,10,6,2,0,2,2,0,0,14,0,0,0,14,0.2777560073308717,0.25,-4.330015427158537,0.8629898166768639,0.12055550621296872,0.7424343104638951,0.20822609389471036,0.5342082165691847,0,18,0.22291968190092815,2,0,0.18872642509006143,0.07615534708197617,8,-0.026883457821551708,-0.023126090491299323,8,26,4,30,0.13333333333333333,-1.3290772932391108,-1.3559607510606626,0.0,0.03607716387039957,1.905371182516491,-4.330015427158537,-4.330015427158537,-0.4060142456740198,1.085909498577792,0.1018228995605776,-1.2798054039786864,-0.12000401256004933,-0.12000401256004933,-0.12214680166926241,-0.24215081422931173
erikapiancastelli,Erika Piancastelli,Volts,29,29,9,8.785027430574011,7,5,1,0,1,1,0,1,8,0,0,0,9,0.3200995942435561,0.3103448275862069,-1.453945257567403,1.127278187249005,0.0774999682797656,1.0497782189692393,0.21902149787555547,0.8307567210936838,0,21,0.0,0,0,0.0,-0.5132932269538963,13,-0.379664771440775,-1.2729936454190691,17,0,0,0,0.0,0.0,-0.379664771440775,0.0,0.021796619838366404,1.1511617561037133,-1.453945257567403,-1.453945257567403,-0.13633265214251944,1.127278187249005,0.10570193352891338,-0.8929579983946714,-0.08373034097356824,-0.08373034097356824,0.0793545269880859,-0.004375813985482348
samshow,Sam Show,Volts,6,6,2,1.5958093030173548,1,1,0,0,0,0,0,1,3,0,0,0,2,0.28104103863575053,0.3333333333333333,-0.5225988393567309,-0.2608111188502661,0.017222215173281246,-0.27803333402354735,-0.3620280981433789,0.0839947641198315,0,2,0.0,0,0,0.0,0.06502842621338448,3,0.026945475659047178,0.16167285395428307,5,0,0,0,0.0,0.0,0.026945475659047178,0.0,0.004509645483799946,0.23817139781456137,-0.5225988393567309,-0.5225988393567309,-0.04900272923294889,-0.2608111188502661,-0.024455577922242535,0.09197390187243165,0.008624152735394955,0.008624152735394955,-0.05070273909966895,-0.04207858636427401
sahvannajaquish,Sahvanna Jaquish,Talons,29,28,10,7.674809707839832,3,3,0,0,0,3,0,4,5,1,0,1,11,0.2896340282654316,0.35714285714285715,-2.211094956572569,-0.8665254783509839,0.09472218345304685,-0.9612476618040309,-0.5344456429631287,-0.4268020188409021,0,16,0.0,0,0,0.0,0.2842804223143421,10,0.0053345096879103765,0.0764613055267154,3,0,4,4,1.0,0.3114824219343727,0.3168169316222831,0.0,0.021796619838366404,1.1511617561037133,-2.211094956572569,-2.211094956572569,-0.20732860332914738,-0.8665254783509839,-0.0812518325554484,0.6010973539366251,0.056363330071408646,0.056363330071408646,-0.17859519028290383,-0.1222318602114952
paigesinicki,Paige Sinicki,Talons,3,3,1,0.7240552558033316,0,0,0,0,0,1,0,0,1,0,0,0,1,0.25502952105353077,0.3333333333333333,-0.33514881538371116,0.38771484084227437,0.008611107586640623,0.37910373325563373,0.37910373325563373,0,0,6,0.0,0,0,0.0,0.0,1,0.0,0.0,0,0,0,0,0.0,0.0,0.0,0.0,0.002254822741899973,0.11908569890728068,-0.33514881538371116,-0.33514881538371116,-0.03142602971182823,0.38771484084227437,0.03635500872672411,0.0,0.0,0.0,0.01630676304265712,0.01630676304265712
aliyahbinford,Aliyah Binford,Blaze,23,23,6,5.6578143289126395,5,3,2,0,0,1,0,0,3,0,0,0,7,0.2599326622274634,0.2608695652173913,-2.4627502168546895,-0.2836066452746824,0.06027775310648436,-0.34388439838116674,-0.05544148972217339,-0.28844290865899336,0,12,-0.9115884740876127,2,1,0.2696107415619611,-0.06322208104079044,4,-0.018068158117567193,-0.1987497392932391,4,0,0,0,0.0,0.0,-0.018068158117567193,0.0,0.017286974354566456,0.9129903582891519,-2.4627502168546895,-2.4627502168546895,-0.23092566028937964,-1.1951951193622952,-0.11207032699640887,-0.08129023915835763,-0.00762237356604522,-0.00762237356604522,-0.25576630973961906,-0.2633886833056643
mayabrady,Maya Brady,Talons,29,29,18,15.909998347297877,11,9,1,0,1,4,0,3,6,0,0,0,18,0.5797117943720452,0.6206896551724138,5.671025659156461,0.4626472725288906,0.5308169825334776,-0.06816971000458706,-0.19907205936565853,0.13090234936107148,2,30,0.15070757677637858,1,0,0.1261595547309833,0.09404307277831958,12,-0.06145863371711116,-0.20606718363972568,17,0,0,0,0.0,0.0,-0.06145863371711116,0.0,0.021796619838366404,1.1511617561037133,5.671025659156461,5.671025659156461,0.531757275218622,0.6133548493052692,0.05751268342122307,0.03258443906120842,0.0030553578084661207,0.0030553578084661207,0.699255204241537,0.7023105620500031
abyvieira,Aby Vieira,,0,0,0,0.0,0,0,0,0,0,0,0,0,0,0,0,0,0,0.0,0.0,0.0,0.0,0.0,0.0,0.0,0.0,0,0,0.0,0,0,0.0,0.0,0,0.0,0.0,0,0,0,0,0.0,0.0,0.0,0.0,0.0,0.0,0.0,0.0,0.0,0.0,0.0,0.0,0.0,0.0,0.0,0.0
alanavawter,Alana Vawter,Blaze,0,0,0,0.0,0,0,0,0,0,0,0,0,0,0,0,0,0,0.0,0.0,0.0,0.0,0.0,0.0,0.0,0.0,0,0,0.0,0,0,0.0,0.0,0,0.0,0.0,0,0,0,0,0.0,0.0,0.0,0.0,0.0,0.0,0.0,0.0,0.0,0.0,0.0,0.0,0.0,0.0,0.0,0.0
brookeyanez,Brooke Yanez,Blaze,0,0,0,0.0,0,0,0,0,0,0,0,0,0,0,0,0,0,0.0,0.0,0.0,0.0,0.0,0.0,0.0,0.0,0,0,0.0,0,0,0.0,0.0,0,0.0,0.0,0,0,0,0,0.0,0.0,0.0,0.0,0.0,0.0,0.0,0.0,0.0,0.0,0.0,0.0,0.0,0.0,0.0,0.0
emileykennedy,Emiley Kennedy,Bandits,0,0,0,0.0,0,0,0,0,0,0,0,0,0,0,0,0,0,0.0,0.0,0.0,0.0,0.0,0.0,0.0,0.0,0,0,0.0,0,0,0.0,0.0,0,0.0,0.0,0,0,0,0,0.0,0.0,0.0,0.0,0.0,0.0,0.0,0.0,0.0,0.0,0.0,0.0,0.0,0.0,0.0,0.0
emmalemley,Emma Lemley,Blaze,0,0,0,0.0,0,0,0,0,0,0,0,0,0,0,0,0,0,0.0,0.0,0.0,0.0,0.0,0.0,0.0,0.0,0,0,0.0,0,0,0.0,0.0,0,0.0,0.0,0,0,0,0,0.0,0.0,0.0,0.0,0.0,0.0,0.0,0.0,0.0,0.0,0.0,0.0,0.0,0.0,0.0,0.0
georginacorrick,Georgina Corrick,Talons,0,0,0,0.0,0,0,0,0,0,0,0,0,0,0,0,0,0,0.0,0.0,0.0,0.0,0.0,0.0,0.0,0.0,0,0,0.0,0,0,0.0,0.0,0,0.0,0.0,0,0,0,0,0.0,0.0,0.0,0.0,0.0,0.0,0.0,0.0,0.0,0.0,0.0,0.0,0.0,0.0,0.0,0.0
keilaniricketts,Keilani Ricketts,Blaze,0,0,0,0.0,0,0,0,0,0,0,0,0,0,0,0,0,0,0.0,0.0,0.0,0.0,0.0,0.0,0.0,0.0,0,0,0.0,0,0,0.0,0.0,0,0.0,0.0,0,0,0,0,0.0,0.0,0.0,0.0,0.0,0.0,0.0,0.0,0.0,0.0,0.0,0.0,0.0,0.0,0.0,0.0
laurenderkowski,Lauren Derkowski,Talons,0,0,0,0.0,0,0,0,0,0,0,0,0,0,0,0,0,0,0.0,0.0,0.0,0.0,0.0,0.0,0.0,0.0,0,0,0.0,0,0,0.0,0.0,0,0.0,0.0,0,0,0,0,0.0,0.0,0.0,0.0,0.0,0.0,0.0,0.0,0.0,0.0,0.0,0.0,0.0,0.0,0.0,0.0
lexikilfoyl,Lexi Kilfoyl,Bandits,0,0,0,0.0,0,0,0,0,0,0,0,0,0,0,0,0,0,0.0,0.0,0.0,0.0,0.0,0.0,0.0,0.0,0,0,0.0,0,0,0.0,0.0,0,0.0,0.0,0,0,0,0,0.0,0.0,0.0,0.0,0.0,0.0,0.0,0.0,0.0,0.0,0.0,0.0,0.0,0.0,0.0,0.0
mariahmazon,Mariah Mazón,Volts,0,0,0,0.0,0,0,0,0,0,0,0,0,0,0,0,0,0,0.0,0.0,0.0,0.0,0.0,0.0,0.0,0.0,0,0,0.0,0,0,0.0,0.0,0,0.0,0.0,0,0,0,0,0.0,0.0,0.0,0.0,0.0,0.0,0.0,0.0,0.0,0.0,0.0,0.0,0.0,0.0,0.0,0.0
meganfaraimo,Megan Faraimo,Talons,0,0,0,0.0,0,0,0,0,0,0,0,0,0,0,0,0,0,0.0,0.0,0.0,0.0,0.0,0.0,0.0,0.0,0,0,0.0,0,0,0.0,0.0,0,0.0,0.0,0,0,0,0,0.0,0.0,0.0,0.0,0.0,0.0,0.0,0.0,0.0,0.0,0.0,0.0,0.0,0.0,0.0,0.0
montanafouts,Montana Fouts,Talons,0,0,0,0.0,0,0,0,0,0,0,0,0,0,0,0,0,0,0.0,0.0,0.0,0.0,0.0,0.0,0.0,0.0,0,0,0.0,0,0,0.0,0.0,0,0.0,0.0,0,0,0,0,0.0,0.0,0.0,0.0,0.0,0.0,0.0,0.0,0.0,0.0,0.0,0.0,0.0,0.0,0.0,0.0
odiccialexanderbennett,Odicci Alexander,Bandits,0,0,0,0.0,0,0,0,0,0,0,0,0,0,0,0,0,0,0.0,0.0,0.0,0.0,0.0,0.0,0.0,0.0,0,0,0.0,0,0,0.0,0.0,0,0.0,0.0,0,0,0,0,0.0,0.0,0.0,0.0,0.0,0.0,0.0,0.0,0.0,0.0,0.0,0.0,0.0,0.0,0.0,0.0
paytongottshall,Payton Gotshall,Volts,0,0,0,0.0,0,0,0,0,0,0,0,0,0,0,0,0,0,0.0,0.0,0.0,0.0,0.0,0.0,0.0,0.0,0,0,0.0,0,0,0.0,0.0,0,0.0,0.0,0,0,0,0,0.0,0.0,0.0,0.0,0.0,0.0,0.0,0.0,0.0,0.0,0.0,0.0,0.0,0.0,0.0,0.0
raelinchaffin,Raelin Chaffin,Talons,0,0,0,0.0,0,0,0,0,0,0,0,0,0,0,0,0,0,0.0,0.0,0.0,0.0,0.0,0.0,0.0,0.0,0,0,0.0,0,0,0.0,0.0,0,0.0,0.0,0,0,0,0,0.0,0.0,0.0,0.0,0.0,0.0,0.0,0.0,0.0,0.0,0.0,0.0,0.0,0.0,0.0,0.0
samlandry,Sam Landry,Volts,0,0,0,0.0,0,0,0,0,0,0,0,0,0,0,0,0,0,0.0,0.0,0.0,0.0,0.0,0.0,0.0,0.0,0,0,0.0,0,0,0.0,0.0,0,0.0,0.0,0,0,0,0,0.0,0.0,0.0,0.0,0.0,0.0,0.0,0.0,0.0,0.0,0.0,0.0,0.0,0.0,0.0,0.0
taylormcquillin,Taylor McQuillin,Bandits,0,0,0,0.0,0,0,0,0,0,0,0,0,0,0,0,0,0,0.0,0.0,0.0,0.0,0.0,0.0,0.0,0.0,0,0,0.0,0,0,0.0,0.0,0,0.0,0.0,0,0,0,0,0.0,0.0,0.0,0.0,0.0,0.0,0.0,0.0,0.0,0.0,0.0,0.0,0.0,0.0,0.0,0.0
